keyword,rapidfuzz,miniLM,multiLM,best_model
neuen,100.0,0.5822587609291077,0.6860272884368896,rapidfuzz
java,50.0,0.7241740822792053,0.9128631949424744,multiLM
eines,100.0,0.5761168003082275,0.9188573956489563,rapidfuzz
einem,100.0,0.5388860106468201,0.9322749972343445,rapidfuzz
sind,100.0,0.4452589154243469,0.9191704392433167,rapidfuzz
startups,53.84615384615385,0.38146132230758667,0.6160535216331482,multiLM
startup,53.333333333333336,0.39613115787506104,0.6162895560264587,multiLM
teams,54.54545454545455,0.6153616309165955,0.8943697810173035,multiLM
sowie,100.0,0.5816015005111694,0.9004077911376953,rapidfuzz
unsere,62.5,0.5897809863090515,0.7611804008483887,multiLM
microservices,59.25925925925926,0.44229763746261597,0.752207338809967,multiLM
arbeiten,100.0,0.7607579231262207,0.8870854377746582,rapidfuzz
dich,66.66666666666666,0.6816191673278809,0.8478400707244873,multiLM
junior,47.05882352941177,0.3637344241142273,0.6695441007614136,multiLM
fintech,58.8235294117647,0.5916465520858765,0.7379491925239563,multiLM
denios,66.66666666666666,0.4793970584869385,0.8403282761573792,multiLM
unserer,58.8235294117647,0.5452080965042114,0.7724080681800842,multiLM
sowie,100.0,0.5816015005111694,0.9004077911376953,rapidfuzz
direct,70.58823529411765,0.3733789920806885,0.6029788255691528,rapidfuzz
gmbh,40.0,0.518937349319458,0.7725186944007874,multiLM
manager,66.66666666666666,0.7261225581169128,0.7758672833442688,multiLM
ecommerce,66.66666666666666,0.4900892972946167,0.7453873157501221,multiLM
hast,54.54545454545455,0.46829408407211304,0.8334249258041382,multiLM
oeynhausen,58.8235294117647,0.516437292098999,0.624714732170105,multiLM
entwickeln,100.0,0.8212225437164307,0.8750700950622559,rapidfuzz
umweltschutz,69.56521739130434,0.8106276988983154,0.9086229801177979,multiLM
unternehmen,72.0,0.7962695956230164,0.8782243132591248,multiLM
einen,100.0,0.5746517181396484,0.9030106067657471,rapidfuzz
aufgaben,58.8235294117647,0.6969209313392639,0.9507251977920532,multiLM
unserem,58.8235294117647,0.5818947553634644,0.8087274432182312,multiLM
cornelsen,62.5,0.6255190968513489,0.9072583317756653,multiLM
design,80.0,0.7305889129638672,0.8877723217010498,multiLM
designerin,63.1578947368421,0.5696147680282593,0.8609306216239929,multiLM
dein,61.53846153846154,0.6727120876312256,0.8822494745254517,multiLM
team,47.05882352941177,0.6086004972457886,0.9217929840087891,multiLM
uxui,47.05882352941177,0.43775326013565063,0.8517721891403198,multiLM
verlag,66.66666666666666,0.8461527228355408,0.9613347053527832,multiLM
berlin,60.0,0.5899566411972046,0.6853301525115967,multiLM
sowie,100.0,0.5816015005111694,0.9004077911376953,rapidfuzz
einen,100.0,0.5746517181396484,0.9030106067657471,rapidfuzz
einem,100.0,0.5388860106468201,0.9322749972343445,rapidfuzz
teams,54.54545454545455,0.6153616309165955,0.8943697810173035,multiLM
user,66.66666666666666,0.42216551303863525,0.685107946395874,multiLM
deiner,58.8235294117647,0.5871645212173462,0.7623016834259033,multiLM
unsere,62.5,0.5897809863090515,0.7611804008483887,multiLM
online,100.0,0.5487455129623413,0.8286733627319336,rapidfuzz
mnet,60.0,0.4614114761352539,0.6805676817893982,multiLM
uber,60.0,0.6418287754058838,0.9096390008926392,multiLM
product,66.66666666666666,0.49972689151763916,0.8707942962646484,multiLM
sich,100.0,0.47717446088790894,0.930951714515686,rapidfuzz
weiterentwicklung,75.0,0.6451292037963867,0.896699070930481,multiLM
haben,100.0,0.7897771596908569,0.8644014596939087,rapidfuzz
1232018,21.42857142857143,0.3925968110561371,0.5737495422363281,multiLM
owner,50.0,0.4142587184906006,0.724267840385437,multiLM
experte,58.8235294117647,0.5769951343536377,0.7619473338127136,multiLM
produktmanagement,82.05128205128204,0.8494693040847778,0.9412401914596558,multiLM
munchen,60.0,0.6113157272338867,0.9286355972290039,multiLM
unserer,58.8235294117647,0.5452080965042114,0.7724080681800842,multiLM
einer,100.0,0.6206122040748596,0.9239991903305054,rapidfuzz
business,58.333333333333336,0.5812768340110779,0.9066998958587646,multiLM
allianz,57.142857142857146,0.6357542276382446,0.6248964071273804,miniLM
erfahrung,70.58823529411765,0.6259874105453491,0.7896652221679688,multiLM
ihre,100.0,0.5463181734085083,0.9163454174995422,rapidfuzz
sich,100.0,0.47717446088790894,0.930951714515686,rapidfuzz
online,100.0,0.5487455129623413,0.8286733627319336,rapidfuzz
anwendungen,69.56521739130434,0.64069664478302,0.8527635931968689,multiLM
agilen,58.8235294117647,0.6001215577125549,0.9739804267883301,multiLM
erstellung,76.92307692307692,0.70918869972229,0.921043872833252,multiLM
sowie,100.0,0.5816015005111694,0.9004077911376953,rapidfuzz
unter,100.0,0.5735883116722107,0.9052093029022217,rapidfuzz
weiterentwicklung,75.0,0.6451292037963867,0.896699070930481,multiLM
bereich,70.58823529411765,0.682166576385498,0.8799961805343628,multiLM
leitung,66.66666666666666,0.7448028326034546,0.8010916113853455,multiLM
klassischen,71.42857142857143,0.6926319599151611,0.7875837683677673,multiLM
projekten,69.56521739130434,0.8326525688171387,0.8883005380630493,multiLM
agile,100.0,0.7291461229324341,0.8957072496414185,rapidfuzz
kandidatinnen,64.51612903225806,0.6682382822036743,0.7206293940544128,multiLM
dich,66.66666666666666,0.6816191673278809,0.8478400707244873,multiLM
transformation,74.07407407407408,0.5242063999176025,0.7375132441520691,rapidfuzz
haben,100.0,0.7897771596908569,0.8644014596939087,rapidfuzz
karrierestufe,59.25925925925926,0.6433058977127075,0.8458765745162964,multiLM
coach,60.0,0.6195123195648193,0.7401338219642639,multiLM
bewerben,100.0,0.7366191148757935,0.916771411895752,rapidfuzz
cassini,57.142857142857146,0.46976667642593384,0.7917660474777222,multiLM
unternehmen,72.0,0.7962695956230164,0.8782243132591248,multiLM
unseren,66.66666666666666,0.6284183263778687,0.7640923261642456,multiLM
organisationsentwicklung,69.56521739130434,0.7458447217941284,0.8558590412139893,multiLM
geklickt,52.63157894736842,0.6713801026344299,0.626606285572052,miniLM
sebastian,60.0,0.42732203006744385,0.8680133819580078,multiLM
trautwein,66.66666666666666,0.7271355390548706,0.9284102916717529,multiLM
uber,60.0,0.6418287754058838,0.9096390008926392,multiLM
verfugst,66.66666666666666,0.6983038187026978,0.9002645015716553,multiLM
abteilungen,64.70588235294117,0.8648755550384521,0.7567945718765259,miniLM
technischer,100.0,0.6190037727355957,0.8854260444641113,rapidfuzz
referenznummer,54.166666666666664,0.5309043526649475,0.5434244871139526,multiLM
21118,25.0,0.4294237494468689,0.6002541780471802,multiLM
dein,61.53846153846154,0.6727120876312256,0.8822494745254517,multiLM
kannst,57.142857142857146,0.659732460975647,0.8523098230361938,multiLM
berufserfahrung,64.70588235294117,0.7288278341293335,0.8633202314376831,multiLM
dich,66.66666666666666,0.6816191673278809,0.8478400707244873,multiLM
beteiligten,100.0,0.7475512027740479,0.8742326498031616,rapidfuzz
social,55.55555555555556,0.5095098614692688,0.9061751365661621,multiLM
media,50.0,0.7109677195549011,0.9674444794654846,multiLM
marketing,76.19047619047619,0.7323348522186279,0.9278833270072937,multiLM
deine,57.142857142857146,0.6000521183013916,0.7665461301803589,multiLM
gute,100.0,0.5374548435211182,0.8276885151863098,rapidfuzz
sehr,66.66666666666666,0.641772985458374,0.8884732723236084,multiLM
sowie,100.0,0.5816015005111694,0.9004077911376953,rapidfuzz
dich,66.66666666666666,0.6816191673278809,0.8478400707244873,multiLM
kunden,62.5,0.8105776309967041,0.8363667726516724,multiLM
anfragen,66.66666666666666,0.6849963068962097,0.8886597156524658,multiLM
zuschuss,55.55555555555556,0.6568042635917664,0.9109323024749756,multiLM
sein,100.0,0.6287208199501038,0.9360227584838867,rapidfuzz
ausbildungsplatz,59.25925925925926,0.6030938625335693,0.8598381280899048,multiLM
kaufmannfrau,52.17391304347826,0.561506986618042,0.7720207571983337,multiLM
dialogmarketing,70.96774193548387,0.6135804653167725,0.7835111021995544,multiLM
bist,53.333333333333336,0.5209555625915527,0.8989399075508118,multiLM
hast,54.54545454545455,0.46829408407211304,0.8334249258041382,multiLM
mittlere,100.0,0.67524254322052,0.7734624147415161,rapidfuzz
reife,62.5,0.7822537422180176,0.9195559620857239,multiLM
